filename,img_path,hair_length
20_0_0_20170113132609281.jpg.chip.jpg,C:\age_gender_detection\to_label\20_0_0_20170113132609281.jpg.chip.jpg,short
20_0_0_20170113133053319.jpg.chip.jpg,C:\age_gender_detection\to_label\20_0_0_20170113133053319.jpg.chip.jpg,short
20_0_0_20170117140628568.jpg.chip.jpg,C:\age_gender_detection\to_label\20_0_0_20170117140628568.jpg.chip.jpg,short
20_0_1_20170113132703608.jpg.chip.jpg,C:\age_gender_detection\to_label\20_0_1_20170113132703608.jpg.chip.jpg,short
20_0_4_20170103234738979.jpg.chip.jpg,C:\age_gender_detection\to_label\20_0_4_20170103234738979.jpg.chip.jpg,short
20_1_0_20170103201716816.jpg.chip.jpg,C:\age_gender_detection\to_label\20_1_0_20170103201716816.jpg.chip.jpg,long
20_1_0_20170109212842300.jpg.chip.jpg,C:\age_gender_detection\to_label\20_1_0_20170109212842300.jpg.chip.jpg,long
20_1_1_20170112192922677.jpg.chip.jpg,C:\age_gender_detection\to_label\20_1_1_20170112192922677.jpg.chip.jpg,long
20_1_1_20170112231413086.jpg.chip.jpg,C:\age_gender_detection\to_label\20_1_1_20170112231413086.jpg.chip.jpg,long
20_1_1_20170113005427278.jpg.chip.jpg,C:\age_gender_detection\to_label\20_1_1_20170113005427278.jpg.chip.jpg,skip
20_1_1_20170117132642224.jpg.chip.jpg,C:\age_gender_detection\to_label\20_1_1_20170117132642224.jpg.chip.jpg,long
20_1_2_20170116163800040.jpg.chip.jpg,C:\age_gender_detection\to_label\20_1_2_20170116163800040.jpg.chip.jpg,long
20_1_2_20170116170350603.jpg.chip.jpg,C:\age_gender_detection\to_label\20_1_2_20170116170350603.jpg.chip.jpg,skip
20_1_2_20170117141237688.jpg.chip.jpg,C:\age_gender_detection\to_label\20_1_2_20170117141237688.jpg.chip.jpg,long
20_1_3_20170104222021392.jpg.chip.jpg,C:\age_gender_detection\to_label\20_1_3_20170104222021392.jpg.chip.jpg,long
20_1_4_20170103212722908.jpg.chip.jpg,C:\age_gender_detection\to_label\20_1_4_20170103212722908.jpg.chip.jpg,long
20_1_4_20170117192614487.jpg.chip.jpg,C:\age_gender_detection\to_label\20_1_4_20170117192614487.jpg.chip.jpg,skip
21_0_0_20170103234805676.jpg.chip.jpg,C:\age_gender_detection\to_label\21_0_0_20170103234805676.jpg.chip.jpg,short
21_0_0_20170117141432129.jpg.chip.jpg,C:\age_gender_detection\to_label\21_0_0_20170117141432129.jpg.chip.jpg,skip
21_0_0_20170117141529337.jpg.chip.jpg,C:\age_gender_detection\to_label\21_0_0_20170117141529337.jpg.chip.jpg,short
21_0_0_20170117193719188.jpg.chip.jpg,C:\age_gender_detection\to_label\21_0_0_20170117193719188.jpg.chip.jpg,long
21_0_1_20170113145729669.jpg.chip.jpg,C:\age_gender_detection\to_label\21_0_1_20170113145729669.jpg.chip.jpg,short
21_0_1_20170116214205175.jpg.chip.jpg,C:\age_gender_detection\to_label\21_0_1_20170116214205175.jpg.chip.jpg,short
21_0_1_20170116215535068.jpg.chip.jpg,C:\age_gender_detection\to_label\21_0_1_20170116215535068.jpg.chip.jpg,short
21_0_3_20161220221819298.jpg.chip.jpg,C:\age_gender_detection\to_label\21_0_3_20161220221819298.jpg.chip.jpg,short
21_0_3_20170104225749698.jpg.chip.jpg,C:\age_gender_detection\to_label\21_0_3_20170104225749698.jpg.chip.jpg,short
21_0_3_20170104225826937.jpg.chip.jpg,C:\age_gender_detection\to_label\21_0_3_20170104225826937.jpg.chip.jpg,short
21_0_3_20170117141619327.jpg.chip.jpg,C:\age_gender_detection\to_label\21_0_3_20170117141619327.jpg.chip.jpg,short
21_0_3_20170119153824472.jpg.chip.jpg,C:\age_gender_detection\to_label\21_0_3_20170119153824472.jpg.chip.jpg,short
21_0_4_20161223214759249.jpg.chip.jpg,C:\age_gender_detection\to_label\21_0_4_20161223214759249.jpg.chip.jpg,long
21_0_4_20170103223143358.jpg.chip.jpg,C:\age_gender_detection\to_label\21_0_4_20170103223143358.jpg.chip.jpg,short
21_1_0_20170104231331482.jpg.chip.jpg,C:\age_gender_detection\to_label\21_1_0_20170104231331482.jpg.chip.jpg,long
21_1_0_20170104234439209.jpg.chip.jpg,C:\age_gender_detection\to_label\21_1_0_20170104234439209.jpg.chip.jpg,long
21_1_1_20170112231637574.jpg.chip.jpg,C:\age_gender_detection\to_label\21_1_1_20170112231637574.jpg.chip.jpg,long
21_1_1_20170112231854926.jpg.chip.jpg,C:\age_gender_detection\to_label\21_1_1_20170112231854926.jpg.chip.jpg,skip
21_1_1_20170114030624147.jpg.chip.jpg,C:\age_gender_detection\to_label\21_1_1_20170114030624147.jpg.chip.jpg,long
21_1_3_20170104222118687.jpg.chip.jpg,C:\age_gender_detection\to_label\21_1_3_20170104222118687.jpg.chip.jpg,long
21_1_3_20170104222120446.jpg.chip.jpg,C:\age_gender_detection\to_label\21_1_3_20170104222120446.jpg.chip.jpg,long
21_1_3_20170105000657779.jpg.chip.jpg,C:\age_gender_detection\to_label\21_1_3_20170105000657779.jpg.chip.jpg,long
21_1_3_20170109132139583.jpg.chip.jpg,C:\age_gender_detection\to_label\21_1_3_20170109132139583.jpg.chip.jpg,long
21_1_3_20170119154115689.jpg.chip.jpg,C:\age_gender_detection\to_label\21_1_3_20170119154115689.jpg.chip.jpg,long
21_1_3_20170119155741576.jpg.chip.jpg,C:\age_gender_detection\to_label\21_1_3_20170119155741576.jpg.chip.jpg,long
21_1_4_20161221195948192.jpg.chip.jpg,C:\age_gender_detection\to_label\21_1_4_20161221195948192.jpg.chip.jpg,long
21_1_4_20170103233532676.jpg.chip.jpg,C:\age_gender_detection\to_label\21_1_4_20170103233532676.jpg.chip.jpg,long
22_0_0_20170117134653966.jpg.chip.jpg,C:\age_gender_detection\to_label\22_0_0_20170117134653966.jpg.chip.jpg,short
22_0_0_20170117143224571.jpg.chip.jpg,C:\age_gender_detection\to_label\22_0_0_20170117143224571.jpg.chip.jpg,long
22_0_1_20170113133303935.jpg.chip.jpg,C:\age_gender_detection\to_label\22_0_1_20170113133303935.jpg.chip.jpg,short
22_0_2_20170116172135035.jpg.chip.jpg,C:\age_gender_detection\to_label\22_0_2_20170116172135035.jpg.chip.jpg,skip
22_0_2_20170116172455828.jpg.chip.jpg,C:\age_gender_detection\to_label\22_0_2_20170116172455828.jpg.chip.jpg,short
22_0_3_20170117143056386.jpg.chip.jpg,C:\age_gender_detection\to_label\22_0_3_20170117143056386.jpg.chip.jpg,long
22_0_3_20170119150653870.jpg.chip.jpg,C:\age_gender_detection\to_label\22_0_3_20170119150653870.jpg.chip.jpg,short
22_0_3_20170119160410155.jpg.chip.jpg,C:\age_gender_detection\to_label\22_0_3_20170119160410155.jpg.chip.jpg,short
22_0_4_20161221200222680.jpg.chip.jpg,C:\age_gender_detection\to_label\22_0_4_20161221200222680.jpg.chip.jpg,short
22_0_4_20170103224652599.jpg.chip.jpg,C:\age_gender_detection\to_label\22_0_4_20170103224652599.jpg.chip.jpg,short
22_0_4_20170103235414540.jpg.chip.jpg,C:\age_gender_detection\to_label\22_0_4_20170103235414540.jpg.chip.jpg,short
22_1_0_20170117143206386.jpg.chip.jpg,C:\age_gender_detection\to_label\22_1_0_20170117143206386.jpg.chip.jpg,long
22_1_0_20170117143702099.jpg.chip.jpg,C:\age_gender_detection\to_label\22_1_0_20170117143702099.jpg.chip.jpg,long
22_1_1_20170105183837056.jpg.chip.jpg,C:\age_gender_detection\to_label\22_1_1_20170105183837056.jpg.chip.jpg,long
22_1_2_20170104015815276.jpg.chip.jpg,C:\age_gender_detection\to_label\22_1_2_20170104015815276.jpg.chip.jpg,long
22_1_2_20170116162441662.jpg.chip.jpg,C:\age_gender_detection\to_label\22_1_2_20170116162441662.jpg.chip.jpg,long
22_1_2_20170116172741591.jpg.chip.jpg,C:\age_gender_detection\to_label\22_1_2_20170116172741591.jpg.chip.jpg,skip
22_1_4_20170103223356448.jpg.chip.jpg,C:\age_gender_detection\to_label\22_1_4_20170103223356448.jpg.chip.jpg,short
22_1_4_20170103225134240.jpg.chip.jpg,C:\age_gender_detection\to_label\22_1_4_20170103225134240.jpg.chip.jpg,long
22_1_4_20170103233328523.jpg.chip.jpg,C:\age_gender_detection\to_label\22_1_4_20170103233328523.jpg.chip.jpg,long
23_0_0_20170117134919191.jpg.chip.jpg,C:\age_gender_detection\to_label\23_0_0_20170117134919191.jpg.chip.jpg,short
23_0_0_20170117144116074.jpg.chip.jpg,C:\age_gender_detection\to_label\23_0_0_20170117144116074.jpg.chip.jpg,short
23_0_1_20170113133840296.jpg.chip.jpg,C:\age_gender_detection\to_label\23_0_1_20170113133840296.jpg.chip.jpg,skip
23_0_2_20170107213747034.jpg.chip.jpg,C:\age_gender_detection\to_label\23_0_2_20170107213747034.jpg.chip.jpg,short
23_0_2_20170116172856091.jpg.chip.jpg,C:\age_gender_detection\to_label\23_0_2_20170116172856091.jpg.chip.jpg,short
23_0_3_20170119151125607.jpg.chip.jpg,C:\age_gender_detection\to_label\23_0_3_20170119151125607.jpg.chip.jpg,short
23_0_3_20170119163841604.jpg.chip.jpg,C:\age_gender_detection\to_label\23_0_3_20170119163841604.jpg.chip.jpg,short
23_0_3_20170119164004428.jpg.chip.jpg,C:\age_gender_detection\to_label\23_0_3_20170119164004428.jpg.chip.jpg,short
23_0_3_20170119164313321.jpg.chip.jpg,C:\age_gender_detection\to_label\23_0_3_20170119164313321.jpg.chip.jpg,skip
23_0_4_20170102233413972.jpg.chip.jpg,C:\age_gender_detection\to_label\23_0_4_20170102233413972.jpg.chip.jpg,skip
23_0_4_20170103234919628.jpg.chip.jpg,C:\age_gender_detection\to_label\23_0_4_20170103234919628.jpg.chip.jpg,short
23_1_0_20170103180412080.jpg.chip.jpg,C:\age_gender_detection\to_label\23_1_0_20170103180412080.jpg.chip.jpg,long
23_1_0_20170112234027666.jpg.chip.jpg,C:\age_gender_detection\to_label\23_1_0_20170112234027666.jpg.chip.jpg,long
23_1_0_20170117175925529.jpg.chip.jpg,C:\age_gender_detection\to_label\23_1_0_20170117175925529.jpg.chip.jpg,long
23_1_1_20170117195235676.jpg.chip.jpg,C:\age_gender_detection\to_label\23_1_1_20170117195235676.jpg.chip.jpg,skip
23_1_2_20170116173106418.jpg.chip.jpg,C:\age_gender_detection\to_label\23_1_2_20170116173106418.jpg.chip.jpg,short
23_1_2_20170116173108901.jpg.chip.jpg,C:\age_gender_detection\to_label\23_1_2_20170116173108901.jpg.chip.jpg,long
23_1_2_20170116173239323.jpg.chip.jpg,C:\age_gender_detection\to_label\23_1_2_20170116173239323.jpg.chip.jpg,long
23_1_3_20170104231807345.jpg.chip.jpg,C:\age_gender_detection\to_label\23_1_3_20170104231807345.jpg.chip.jpg,long
23_1_3_20170119164504597.jpg.chip.jpg,C:\age_gender_detection\to_label\23_1_3_20170119164504597.jpg.chip.jpg,long
23_1_3_20170119164507828.jpg.chip.jpg,C:\age_gender_detection\to_label\23_1_3_20170119164507828.jpg.chip.jpg,long
23_1_4_20170103223558799.jpg.chip.jpg,C:\age_gender_detection\to_label\23_1_4_20170103223558799.jpg.chip.jpg,skip
24_0_0_20170102233329675.jpg.chip.jpg,C:\age_gender_detection\to_label\24_0_0_20170102233329675.jpg.chip.jpg,skip
24_0_0_20170114030346768.jpg.chip.jpg,C:\age_gender_detection\to_label\24_0_0_20170114030346768.jpg.chip.jpg,short
24_0_0_20170117140958984.jpg.chip.jpg,C:\age_gender_detection\to_label\24_0_0_20170117140958984.jpg.chip.jpg,skip
24_0_0_20170117145820962.jpg.chip.jpg,C:\age_gender_detection\to_label\24_0_0_20170117145820962.jpg.chip.jpg,long
24_0_1_20170103181218960.jpg.chip.jpg,C:\age_gender_detection\to_label\24_0_1_20170103181218960.jpg.chip.jpg,skip
24_0_1_20170113133945657.jpg.chip.jpg,C:\age_gender_detection\to_label\24_0_1_20170113133945657.jpg.chip.jpg,short
24_0_1_20170113151045191.jpg.chip.jpg,C:\age_gender_detection\to_label\24_0_1_20170113151045191.jpg.chip.jpg,skip
24_0_1_20170115231442487.jpg.chip.jpg,C:\age_gender_detection\to_label\24_0_1_20170115231442487.jpg.chip.jpg,short
24_0_2_20170104234829387.jpg.chip.jpg,C:\age_gender_detection\to_label\24_0_2_20170104234829387.jpg.chip.jpg,long
24_0_2_20170116001001063.jpg.chip.jpg,C:\age_gender_detection\to_label\24_0_2_20170116001001063.jpg.chip.jpg,long
24_0_2_20170116161806363.jpg.chip.jpg,C:\age_gender_detection\to_label\24_0_2_20170116161806363.jpg.chip.jpg,short
24_0_2_20170116161844819.jpg.chip.jpg,C:\age_gender_detection\to_label\24_0_2_20170116161844819.jpg.chip.jpg,long
24_0_2_20170116163850936.jpg.chip.jpg,C:\age_gender_detection\to_label\24_0_2_20170116163850936.jpg.chip.jpg,long
24_0_2_20170116165033311.jpg.chip.jpg,C:\age_gender_detection\to_label\24_0_2_20170116165033311.jpg.chip.jpg,long
24_0_2_20170116170804180.jpg.chip.jpg,C:\age_gender_detection\to_label\24_0_2_20170116170804180.jpg.chip.jpg,skip
24_0_3_20170117150546627.jpg.chip.jpg,C:\age_gender_detection\to_label\24_0_3_20170117150546627.jpg.chip.jpg,skip
24_0_4_20170117194540395.jpg.chip.jpg,C:\age_gender_detection\to_label\24_0_4_20170117194540395.jpg.chip.jpg,long
24_1_0_20170105183641479.jpg.chip.jpg,C:\age_gender_detection\to_label\24_1_0_20170105183641479.jpg.chip.jpg,long
24_1_0_20170105183859832.jpg.chip.jpg,C:\age_gender_detection\to_label\24_1_0_20170105183859832.jpg.chip.jpg,long
24_1_0_20170116205900085.jpg.chip.jpg,C:\age_gender_detection\to_label\24_1_0_20170116205900085.jpg.chip.jpg,long
24_1_0_20170117150414570.jpg.chip.jpg,C:\age_gender_detection\to_label\24_1_0_20170117150414570.jpg.chip.jpg,long
24_1_0_20170117150524692.jpg.chip.jpg,C:\age_gender_detection\to_label\24_1_0_20170117150524692.jpg.chip.jpg,long
24_1_0_20170117150535820.jpg.chip.jpg,C:\age_gender_detection\to_label\24_1_0_20170117150535820.jpg.chip.jpg,long
24_1_1_20170112192919494.jpg.chip.jpg,C:\age_gender_detection\to_label\24_1_1_20170112192919494.jpg.chip.jpg,short
24_1_1_20170112204507818.jpg.chip.jpg,C:\age_gender_detection\to_label\24_1_1_20170112204507818.jpg.chip.jpg,skip
24_1_1_20170112204533811.jpg.chip.jpg,C:\age_gender_detection\to_label\24_1_1_20170112204533811.jpg.chip.jpg,skip
24_1_1_20170112234600841.jpg.chip.jpg,C:\age_gender_detection\to_label\24_1_1_20170112234600841.jpg.chip.jpg,long
24_1_1_20170113001329123.jpg.chip.jpg,C:\age_gender_detection\to_label\24_1_1_20170113001329123.jpg.chip.jpg,long
24_1_1_20170113011328232.jpg.chip.jpg,C:\age_gender_detection\to_label\24_1_1_20170113011328232.jpg.chip.jpg,short
24_1_2_20170104015726796.jpg.chip.jpg,C:\age_gender_detection\to_label\24_1_2_20170104015726796.jpg.chip.jpg,long
24_1_2_20170116163750637.jpg.chip.jpg,C:\age_gender_detection\to_label\24_1_2_20170116163750637.jpg.chip.jpg,long
24_1_2_20170116165549493.jpg.chip.jpg,C:\age_gender_detection\to_label\24_1_2_20170116165549493.jpg.chip.jpg,long
24_1_2_20170116170010620.jpg.chip.jpg,C:\age_gender_detection\to_label\24_1_2_20170116170010620.jpg.chip.jpg,long
24_1_2_20170116170612853.jpg.chip.jpg,C:\age_gender_detection\to_label\24_1_2_20170116170612853.jpg.chip.jpg,skip
24_1_2_20170116170616076.jpg.chip.jpg,C:\age_gender_detection\to_label\24_1_2_20170116170616076.jpg.chip.jpg,skip
24_1_2_20170116171531024.jpg.chip.jpg,C:\age_gender_detection\to_label\24_1_2_20170116171531024.jpg.chip.jpg,long
24_1_2_20170116172449090.jpg.chip.jpg,C:\age_gender_detection\to_label\24_1_2_20170116172449090.jpg.chip.jpg,long
24_1_2_20170116173535191.jpg.chip.jpg,C:\age_gender_detection\to_label\24_1_2_20170116173535191.jpg.chip.jpg,short
24_1_2_20170116174408274.jpg.chip.jpg,C:\age_gender_detection\to_label\24_1_2_20170116174408274.jpg.chip.jpg,long
24_1_2_20170116174520246.jpg.chip.jpg,C:\age_gender_detection\to_label\24_1_2_20170116174520246.jpg.chip.jpg,long
24_1_3_20170104222352872.jpg.chip.jpg,C:\age_gender_detection\to_label\24_1_3_20170104222352872.jpg.chip.jpg,long
24_1_3_20170104232545657.jpg.chip.jpg,C:\age_gender_detection\to_label\24_1_3_20170104232545657.jpg.chip.jpg,long
24_1_3_20170109132425493.jpg.chip.jpg,C:\age_gender_detection\to_label\24_1_3_20170109132425493.jpg.chip.jpg,short
24_1_3_20170117145624635.jpg.chip.jpg,C:\age_gender_detection\to_label\24_1_3_20170117145624635.jpg.chip.jpg,skip
24_1_3_20170117150307141.jpg.chip.jpg,C:\age_gender_detection\to_label\24_1_3_20170117150307141.jpg.chip.jpg,skip
24_1_3_20170119152515392.jpg.chip.jpg,C:\age_gender_detection\to_label\24_1_3_20170119152515392.jpg.chip.jpg,short
24_1_3_20170119155454786.jpg.chip.jpg,C:\age_gender_detection\to_label\24_1_3_20170119155454786.jpg.chip.jpg,skip
24_1_3_20170119170555590.jpg.chip.jpg,C:\age_gender_detection\to_label\24_1_3_20170119170555590.jpg.chip.jpg,long
24_1_3_20170119171106744.jpg.chip.jpg,C:\age_gender_detection\to_label\24_1_3_20170119171106744.jpg.chip.jpg,skip
24_1_4_20170117194920763.jpg.chip.jpg,C:\age_gender_detection\to_label\24_1_4_20170117194920763.jpg.chip.jpg,long
25_0_0_20170104004153743.jpg.chip.jpg,C:\age_gender_detection\to_label\25_0_0_20170104004153743.jpg.chip.jpg,long
25_0_0_20170104011143168.jpg.chip.jpg,C:\age_gender_detection\to_label\25_0_0_20170104011143168.jpg.chip.jpg,short
25_0_0_20170104214616710.jpg.chip.jpg,C:\age_gender_detection\to_label\25_0_0_20170104214616710.jpg.chip.jpg,short
25_0_0_20170116205006744.jpg.chip.jpg,C:\age_gender_detection\to_label\25_0_0_20170116205006744.jpg.chip.jpg,short
25_0_0_20170116220630282.jpg.chip.jpg,C:\age_gender_detection\to_label\25_0_0_20170116220630282.jpg.chip.jpg,skip
25_0_0_20170116222911780.jpg.chip.jpg,C:\age_gender_detection\to_label\25_0_0_20170116222911780.jpg.chip.jpg,short
25_0_0_20170117134757190.jpg.chip.jpg,C:\age_gender_detection\to_label\25_0_0_20170117134757190.jpg.chip.jpg,short
25_0_0_20170117190909786.jpg.chip.jpg,C:\age_gender_detection\to_label\25_0_0_20170117190909786.jpg.chip.jpg,short
25_0_0_20170117195127741.jpg.chip.jpg,C:\age_gender_detection\to_label\25_0_0_20170117195127741.jpg.chip.jpg,short
25_0_0_20170119171142840.jpg.chip.jpg,C:\age_gender_detection\to_label\25_0_0_20170119171142840.jpg.chip.jpg,short
25_0_1_20170113150701015.jpg.chip.jpg,C:\age_gender_detection\to_label\25_0_1_20170113150701015.jpg.chip.jpg,short
25_0_1_20170113175701874.jpg.chip.jpg,C:\age_gender_detection\to_label\25_0_1_20170113175701874.jpg.chip.jpg,skip
25_0_1_20170116002531253.jpg.chip.jpg,C:\age_gender_detection\to_label\25_0_1_20170116002531253.jpg.chip.jpg,short
25_0_2_20170104021135333.jpg.chip.jpg,C:\age_gender_detection\to_label\25_0_2_20170104021135333.jpg.chip.jpg,short
25_0_3_20170117135721856.jpg.chip.jpg,C:\age_gender_detection\to_label\25_0_3_20170117135721856.jpg.chip.jpg,short
25_0_3_20170117151819492.jpg.chip.jpg,C:\age_gender_detection\to_label\25_0_3_20170117151819492.jpg.chip.jpg,skip
25_0_3_20170119144603197.jpg.chip.jpg,C:\age_gender_detection\to_label\25_0_3_20170119144603197.jpg.chip.jpg,short
25_0_3_20170119171112135.jpg.chip.jpg,C:\age_gender_detection\to_label\25_0_3_20170119171112135.jpg.chip.jpg,short
25_0_3_20170119171159472.jpg.chip.jpg,C:\age_gender_detection\to_label\25_0_3_20170119171159472.jpg.chip.jpg,short
25_0_3_20170119171304336.jpg.chip.jpg,C:\age_gender_detection\to_label\25_0_3_20170119171304336.jpg.chip.jpg,short
25_0_3_20170119171615136.jpg.chip.jpg,C:\age_gender_detection\to_label\25_0_3_20170119171615136.jpg.chip.jpg,short
25_0_3_20170119171619825.jpg.chip.jpg,C:\age_gender_detection\to_label\25_0_3_20170119171619825.jpg.chip.jpg,short
25_0_4_20170103235145124.jpg.chip.jpg,C:\age_gender_detection\to_label\25_0_4_20170103235145124.jpg.chip.jpg,skip
25_1_0_20170103182309849.jpg.chip.jpg,C:\age_gender_detection\to_label\25_1_0_20170103182309849.jpg.chip.jpg,long
25_1_0_20170105002736333.jpg.chip.jpg,C:\age_gender_detection\to_label\25_1_0_20170105002736333.jpg.chip.jpg,long
25_1_0_20170116002150531.jpg.chip.jpg,C:\age_gender_detection\to_label\25_1_0_20170116002150531.jpg.chip.jpg,short
25_1_0_20170116213524092.jpg.chip.jpg,C:\age_gender_detection\to_label\25_1_0_20170116213524092.jpg.chip.jpg,long
25_1_0_20170116220813532.jpg.chip.jpg,C:\age_gender_detection\to_label\25_1_0_20170116220813532.jpg.chip.jpg,long
25_1_0_20170117143942122.jpg.chip.jpg,C:\age_gender_detection\to_label\25_1_0_20170117143942122.jpg.chip.jpg,short
25_1_0_20170117143946804.jpg.chip.jpg,C:\age_gender_detection\to_label\25_1_0_20170117143946804.jpg.chip.jpg,long
25_1_0_20170117152023187.jpg.chip.jpg,C:\age_gender_detection\to_label\25_1_0_20170117152023187.jpg.chip.jpg,long
25_1_0_20170117195319237.jpg.chip.jpg,C:\age_gender_detection\to_label\25_1_0_20170117195319237.jpg.chip.jpg,long
25_1_1_20170103230312265.jpg.chip.jpg,C:\age_gender_detection\to_label\25_1_1_20170103230312265.jpg.chip.jpg,long
25_1_1_20170112205156233.jpg.chip.jpg,C:\age_gender_detection\to_label\25_1_1_20170112205156233.jpg.chip.jpg,short
25_1_1_20170112205215428.jpg.chip.jpg,C:\age_gender_detection\to_label\25_1_1_20170112205215428.jpg.chip.jpg,short
25_1_1_20170112231543709.jpg.chip.jpg,C:\age_gender_detection\to_label\25_1_1_20170112231543709.jpg.chip.jpg,skip
25_1_1_20170116001414790.jpg.chip.jpg,C:\age_gender_detection\to_label\25_1_1_20170116001414790.jpg.chip.jpg,short
25_1_1_20170117014005144.jpg.chip.jpg,C:\age_gender_detection\to_label\25_1_1_20170117014005144.jpg.chip.jpg,long
25_1_1_20170117170628763.jpg.chip.jpg,C:\age_gender_detection\to_label\25_1_1_20170117170628763.jpg.chip.jpg,long
25_1_2_20170116162822749.jpg.chip.jpg,C:\age_gender_detection\to_label\25_1_2_20170116162822749.jpg.chip.jpg,skip
25_1_2_20170116165435737.jpg.chip.jpg,C:\age_gender_detection\to_label\25_1_2_20170116165435737.jpg.chip.jpg,long
25_1_3_20161220222256467.jpg.chip.jpg,C:\age_gender_detection\to_label\25_1_3_20161220222256467.jpg.chip.jpg,long
25_1_3_20170104222509455.jpg.chip.jpg,C:\age_gender_detection\to_label\25_1_3_20170104222509455.jpg.chip.jpg,long
25_1_3_20170117152035011.jpg.chip.jpg,C:\age_gender_detection\to_label\25_1_3_20170117152035011.jpg.chip.jpg,skip
25_1_3_20170119171154440.jpg.chip.jpg,C:\age_gender_detection\to_label\25_1_3_20170119171154440.jpg.chip.jpg,skip
25_1_3_20170119172052720.jpg.chip.jpg,C:\age_gender_detection\to_label\25_1_3_20170119172052720.jpg.chip.jpg,long
25_1_4_20161223214751864.jpg.chip.jpg,C:\age_gender_detection\to_label\25_1_4_20161223214751864.jpg.chip.jpg,long
25_1_4_20170103230205288.jpg.chip.jpg,C:\age_gender_detection\to_label\25_1_4_20170103230205288.jpg.chip.jpg,long
26_0_0_20170113210127170.jpg.chip.jpg,C:\age_gender_detection\to_label\26_0_0_20170113210127170.jpg.chip.jpg,skip
26_0_0_20170113210127209.jpg.chip.jpg,C:\age_gender_detection\to_label\26_0_0_20170113210127209.jpg.chip.jpg,short
26_0_0_20170113210604209.jpg.chip.jpg,C:\age_gender_detection\to_label\26_0_0_20170113210604209.jpg.chip.jpg,short
26_0_0_20170116192052348.jpg.chip.jpg,C:\age_gender_detection\to_label\26_0_0_20170116192052348.jpg.chip.jpg,short
26_0_0_20170117091532995.jpg.chip.jpg,C:\age_gender_detection\to_label\26_0_0_20170117091532995.jpg.chip.jpg,short
26_0_0_20170117172106787.jpg.chip.jpg,C:\age_gender_detection\to_label\26_0_0_20170117172106787.jpg.chip.jpg,short
26_0_0_20170117172146059.jpg.chip.jpg,C:\age_gender_detection\to_label\26_0_0_20170117172146059.jpg.chip.jpg,skip
26_0_0_20170117172630031.jpg.chip.jpg,C:\age_gender_detection\to_label\26_0_0_20170117172630031.jpg.chip.jpg,skip
26_0_0_20170117172704775.jpg.chip.jpg,C:\age_gender_detection\to_label\26_0_0_20170117172704775.jpg.chip.jpg,short
26_0_0_20170117172824779.jpg.chip.jpg,C:\age_gender_detection\to_label\26_0_0_20170117172824779.jpg.chip.jpg,short
26_0_0_20170117172928270.jpg.chip.jpg,C:\age_gender_detection\to_label\26_0_0_20170117172928270.jpg.chip.jpg,short
26_0_0_20170117195612332.jpg.chip.jpg,C:\age_gender_detection\to_label\26_0_0_20170117195612332.jpg.chip.jpg,short
26_0_0_20170117200149083.jpg.chip.jpg,C:\age_gender_detection\to_label\26_0_0_20170117200149083.jpg.chip.jpg,skip
26_0_1_20170113134233888.jpg.chip.jpg,C:\age_gender_detection\to_label\26_0_1_20170113134233888.jpg.chip.jpg,skip
26_0_1_20170113134737474.jpg.chip.jpg,C:\age_gender_detection\to_label\26_0_1_20170113134737474.jpg.chip.jpg,short
26_0_1_20170113135256601.jpg.chip.jpg,C:\age_gender_detection\to_label\26_0_1_20170113135256601.jpg.chip.jpg,skip
26_0_1_20170113151924968.jpg.chip.jpg,C:\age_gender_detection\to_label\26_0_1_20170113151924968.jpg.chip.jpg,short
26_0_1_20170113155124217.jpg.chip.jpg,C:\age_gender_detection\to_label\26_0_1_20170113155124217.jpg.chip.jpg,skip
26_0_1_20170116005302166.jpg.chip.jpg,C:\age_gender_detection\to_label\26_0_1_20170116005302166.jpg.chip.jpg,short
26_0_1_20170116142850729.jpg.chip.jpg,C:\age_gender_detection\to_label\26_0_1_20170116142850729.jpg.chip.jpg,skip
26_0_1_20170116183512340.jpg.chip.jpg,C:\age_gender_detection\to_label\26_0_1_20170116183512340.jpg.chip.jpg,short
26_0_1_20170116184632849.jpg.chip.jpg,C:\age_gender_detection\to_label\26_0_1_20170116184632849.jpg.chip.jpg,skip
26_0_1_20170116200636640.jpg.chip.jpg,C:\age_gender_detection\to_label\26_0_1_20170116200636640.jpg.chip.jpg,short
26_0_1_20170116204941727.jpg.chip.jpg,C:\age_gender_detection\to_label\26_0_1_20170116204941727.jpg.chip.jpg,skip
26_0_1_20170116234859005.jpg.chip.jpg,C:\age_gender_detection\to_label\26_0_1_20170116234859005.jpg.chip.jpg,skip
26_0_1_20170120134608943.jpg.chip.jpg,C:\age_gender_detection\to_label\26_0_1_20170120134608943.jpg.chip.jpg,short
26_0_2_20170104022626733.jpg.chip.jpg,C:\age_gender_detection\to_label\26_0_2_20170104022626733.jpg.chip.jpg,long
26_0_2_20170116161324238.jpg.chip.jpg,C:\age_gender_detection\to_label\26_0_2_20170116161324238.jpg.chip.jpg,short
26_0_2_20170116181317521.jpg.chip.jpg,C:\age_gender_detection\to_label\26_0_2_20170116181317521.jpg.chip.jpg,short
26_0_2_20170116182411806.jpg.chip.jpg,C:\age_gender_detection\to_label\26_0_2_20170116182411806.jpg.chip.jpg,short
26_0_2_20170116210411437.jpg.chip.jpg,C:\age_gender_detection\to_label\26_0_2_20170116210411437.jpg.chip.jpg,short
26_0_2_20170119184042373.jpg.chip.jpg,C:\age_gender_detection\to_label\26_0_2_20170119184042373.jpg.chip.jpg,skip
26_0_3_20170104230305945.jpg.chip.jpg,C:\age_gender_detection\to_label\26_0_3_20170104230305945.jpg.chip.jpg,skip
26_0_3_20170104230323233.jpg.chip.jpg,C:\age_gender_detection\to_label\26_0_3_20170104230323233.jpg.chip.jpg,short
26_0_3_20170104230325016.jpg.chip.jpg,C:\age_gender_detection\to_label\26_0_3_20170104230325016.jpg.chip.jpg,short
26_0_3_20170104230403674.jpg.chip.jpg,C:\age_gender_detection\to_label\26_0_3_20170104230403674.jpg.chip.jpg,short
26_0_3_20170104230413577.jpg.chip.jpg,C:\age_gender_detection\to_label\26_0_3_20170104230413577.jpg.chip.jpg,short
26_0_3_20170105175308269.jpg.chip.jpg,C:\age_gender_detection\to_label\26_0_3_20170105175308269.jpg.chip.jpg,short
26_0_3_20170117153400030.jpg.chip.jpg,C:\age_gender_detection\to_label\26_0_3_20170117153400030.jpg.chip.jpg,skip
26_0_3_20170117154557054.jpg.chip.jpg,C:\age_gender_detection\to_label\26_0_3_20170117154557054.jpg.chip.jpg,short
26_0_3_20170117154708157.jpg.chip.jpg,C:\age_gender_detection\to_label\26_0_3_20170117154708157.jpg.chip.jpg,short
26_0_3_20170119154206922.jpg.chip.jpg,C:\age_gender_detection\to_label\26_0_3_20170119154206922.jpg.chip.jpg,short
26_0_3_20170119180331459.jpg.chip.jpg,C:\age_gender_detection\to_label\26_0_3_20170119180331459.jpg.chip.jpg,skip
26_0_3_20170119180622762.jpg.chip.jpg,C:\age_gender_detection\to_label\26_0_3_20170119180622762.jpg.chip.jpg,skip
26_0_3_20170119180639468.jpg.chip.jpg,C:\age_gender_detection\to_label\26_0_3_20170119180639468.jpg.chip.jpg,skip
26_0_3_20170119181428332.jpg.chip.jpg,C:\age_gender_detection\to_label\26_0_3_20170119181428332.jpg.chip.jpg,skip
26_0_3_20170119183349137.jpg.chip.jpg,C:\age_gender_detection\to_label\26_0_3_20170119183349137.jpg.chip.jpg,short
26_0_3_20170119183739782.jpg.chip.jpg,C:\age_gender_detection\to_label\26_0_3_20170119183739782.jpg.chip.jpg,short
26_0_3_20170119184305598.jpg.chip.jpg,C:\age_gender_detection\to_label\26_0_3_20170119184305598.jpg.chip.jpg,short
26_0_4_20170103235233157.jpg.chip.jpg,C:\age_gender_detection\to_label\26_0_4_20170103235233157.jpg.chip.jpg,short
26_0_4_20170103235429853.jpg.chip.jpg,C:\age_gender_detection\to_label\26_0_4_20170103235429853.jpg.chip.jpg,skip
26_0_4_20170103235432764.jpg.chip.jpg,C:\age_gender_detection\to_label\26_0_4_20170103235432764.jpg.chip.jpg,long
26_0_4_20170103235609892.jpg.chip.jpg,C:\age_gender_detection\to_label\26_0_4_20170103235609892.jpg.chip.jpg,short
26_0_4_20170113175636526.jpg.chip.jpg,C:\age_gender_detection\to_label\26_0_4_20170113175636526.jpg.chip.jpg,short
26_0_4_20170117152500051.jpg.chip.jpg,C:\age_gender_detection\to_label\26_0_4_20170117152500051.jpg.chip.jpg,skip
26_0_4_20170117153320853.jpg.chip.jpg,C:\age_gender_detection\to_label\26_0_4_20170117153320853.jpg.chip.jpg,short
26_0_4_20170117154033686.jpg.chip.jpg,C:\age_gender_detection\to_label\26_0_4_20170117154033686.jpg.chip.jpg,short
26_0_4_20170117195502469.jpg.chip.jpg,C:\age_gender_detection\to_label\26_0_4_20170117195502469.jpg.chip.jpg,skip
26_0_4_20170117195551948.jpg.chip.jpg,C:\age_gender_detection\to_label\26_0_4_20170117195551948.jpg.chip.jpg,skip
26_0_4_20170117195915493.jpg.chip.jpg,C:\age_gender_detection\to_label\26_0_4_20170117195915493.jpg.chip.jpg,skip
26_1_0_20170110173815028.jpg.chip.jpg,C:\age_gender_detection\to_label\26_1_0_20170110173815028.jpg.chip.jpg,long
26_1_0_20170116184725493.jpg.chip.jpg,C:\age_gender_detection\to_label\26_1_0_20170116184725493.jpg.chip.jpg,long
26_1_0_20170116184837899.jpg.chip.jpg,C:\age_gender_detection\to_label\26_1_0_20170116184837899.jpg.chip.jpg,long
26_1_0_20170116225127693.jpg.chip.jpg,C:\age_gender_detection\to_label\26_1_0_20170116225127693.jpg.chip.jpg,short
26_1_0_20170116234619701.jpg.chip.jpg,C:\age_gender_detection\to_label\26_1_0_20170116234619701.jpg.chip.jpg,long
26_1_0_20170116235548284.jpg.chip.jpg,C:\age_gender_detection\to_label\26_1_0_20170116235548284.jpg.chip.jpg,long
26_1_0_20170117003208726.jpg.chip.jpg,C:\age_gender_detection\to_label\26_1_0_20170117003208726.jpg.chip.jpg,long
26_1_0_20170117003252979.jpg.chip.jpg,C:\age_gender_detection\to_label\26_1_0_20170117003252979.jpg.chip.jpg,long
26_1_0_20170117091431823.jpg.chip.jpg,C:\age_gender_detection\to_label\26_1_0_20170117091431823.jpg.chip.jpg,long
26_1_0_20170117153116669.jpg.chip.jpg,C:\age_gender_detection\to_label\26_1_0_20170117153116669.jpg.chip.jpg,long
26_1_0_20170117153211341.jpg.chip.jpg,C:\age_gender_detection\to_label\26_1_0_20170117153211341.jpg.chip.jpg,short
26_1_0_20170117173801797.jpg.chip.jpg,C:\age_gender_detection\to_label\26_1_0_20170117173801797.jpg.chip.jpg,long
26_1_0_20170117174534054.jpg.chip.jpg,C:\age_gender_detection\to_label\26_1_0_20170117174534054.jpg.chip.jpg,long
26_1_0_20170117174948312.jpg.chip.jpg,C:\age_gender_detection\to_label\26_1_0_20170117174948312.jpg.chip.jpg,long
26_1_0_20170117175227641.jpg.chip.jpg,C:\age_gender_detection\to_label\26_1_0_20170117175227641.jpg.chip.jpg,long
26_1_0_20170117200909070.jpg.chip.jpg,C:\age_gender_detection\to_label\26_1_0_20170117200909070.jpg.chip.jpg,long
26_1_1_20170103181439968.jpg.chip.jpg,C:\age_gender_detection\to_label\26_1_1_20170103181439968.jpg.chip.jpg,long
26_1_1_20170112204726835.jpg.chip.jpg,C:\age_gender_detection\to_label\26_1_1_20170112204726835.jpg.chip.jpg,skip
26_1_1_20170113000509698.jpg.chip.jpg,C:\age_gender_detection\to_label\26_1_1_20170113000509698.jpg.chip.jpg,short
26_1_1_20170113012350417.jpg.chip.jpg,C:\age_gender_detection\to_label\26_1_1_20170113012350417.jpg.chip.jpg,long
26_1_1_20170114024504169.jpg.chip.jpg,C:\age_gender_detection\to_label\26_1_1_20170114024504169.jpg.chip.jpg,long
26_1_1_20170116011336602.jpg.chip.jpg,C:\age_gender_detection\to_label\26_1_1_20170116011336602.jpg.chip.jpg,long
26_1_1_20170116014015136.jpg.chip.jpg,C:\age_gender_detection\to_label\26_1_1_20170116014015136.jpg.chip.jpg,short
26_1_1_20170116021949852.jpg.chip.jpg,C:\age_gender_detection\to_label\26_1_1_20170116021949852.jpg.chip.jpg,long
26_1_1_20170116023936147.jpg.chip.jpg,C:\age_gender_detection\to_label\26_1_1_20170116023936147.jpg.chip.jpg,skip
26_1_1_20170116160229813.jpg.chip.jpg,C:\age_gender_detection\to_label\26_1_1_20170116160229813.jpg.chip.jpg,skip
26_1_1_20170116232255273.jpg.chip.jpg,C:\age_gender_detection\to_label\26_1_1_20170116232255273.jpg.chip.jpg,long
26_1_1_20170116232808475.jpg.chip.jpg,C:\age_gender_detection\to_label\26_1_1_20170116232808475.jpg.chip.jpg,long
26_1_1_20170116233502567.jpg.chip.jpg,C:\age_gender_detection\to_label\26_1_1_20170116233502567.jpg.chip.jpg,short
26_1_1_20170117174116677.jpg.chip.jpg,C:\age_gender_detection\to_label\26_1_1_20170117174116677.jpg.chip.jpg,long
26_1_2_20170104022229597.jpg.chip.jpg,C:\age_gender_detection\to_label\26_1_2_20170104022229597.jpg.chip.jpg,long
26_1_2_20170105164540403.jpg.chip.jpg,C:\age_gender_detection\to_label\26_1_2_20170105164540403.jpg.chip.jpg,long
26_1_2_20170116175503224.jpg.chip.jpg,C:\age_gender_detection\to_label\26_1_2_20170116175503224.jpg.chip.jpg,long
26_1_2_20170116180217943.jpg.chip.jpg,C:\age_gender_detection\to_label\26_1_2_20170116180217943.jpg.chip.jpg,long
26_1_2_20170116180230472.jpg.chip.jpg,C:\age_gender_detection\to_label\26_1_2_20170116180230472.jpg.chip.jpg,long
26_1_2_20170116180511245.jpg.chip.jpg,C:\age_gender_detection\to_label\26_1_2_20170116180511245.jpg.chip.jpg,skip
26_1_2_20170116182332585.jpg.chip.jpg,C:\age_gender_detection\to_label\26_1_2_20170116182332585.jpg.chip.jpg,skip
26_1_2_20170116182638875.jpg.chip.jpg,C:\age_gender_detection\to_label\26_1_2_20170116182638875.jpg.chip.jpg,long
26_1_2_20170116184134921.jpg.chip.jpg,C:\age_gender_detection\to_label\26_1_2_20170116184134921.jpg.chip.jpg,long
26_1_2_20170116184636519.jpg.chip.jpg,C:\age_gender_detection\to_label\26_1_2_20170116184636519.jpg.chip.jpg,long
26_1_3_20170104215629245.jpg.chip.jpg,C:\age_gender_detection\to_label\26_1_3_20170104215629245.jpg.chip.jpg,long
26_1_3_20170104222929063.jpg.chip.jpg,C:\age_gender_detection\to_label\26_1_3_20170104222929063.jpg.chip.jpg,skip
26_1_3_20170104222955855.jpg.chip.jpg,C:\age_gender_detection\to_label\26_1_3_20170104222955855.jpg.chip.jpg,long
26_1_3_20170104232510106.jpg.chip.jpg,C:\age_gender_detection\to_label\26_1_3_20170104232510106.jpg.chip.jpg,long
26_1_3_20170104234454339.jpg.chip.jpg,C:\age_gender_detection\to_label\26_1_3_20170104234454339.jpg.chip.jpg,long
26_1_3_20170104235102538.jpg.chip.jpg,C:\age_gender_detection\to_label\26_1_3_20170104235102538.jpg.chip.jpg,long
26_1_3_20170104235113586.jpg.chip.jpg,C:\age_gender_detection\to_label\26_1_3_20170104235113586.jpg.chip.jpg,skip
26_1_3_20170117153618803.jpg.chip.jpg,C:\age_gender_detection\to_label\26_1_3_20170117153618803.jpg.chip.jpg,long
26_1_3_20170117154510952.jpg.chip.jpg,C:\age_gender_detection\to_label\26_1_3_20170117154510952.jpg.chip.jpg,long
26_1_3_20170117154614886.jpg.chip.jpg,C:\age_gender_detection\to_label\26_1_3_20170117154614886.jpg.chip.jpg,long
26_1_3_20170117174340222.jpg.chip.jpg,C:\age_gender_detection\to_label\26_1_3_20170117174340222.jpg.chip.jpg,long
26_1_3_20170117174556511.jpg.chip.jpg,C:\age_gender_detection\to_label\26_1_3_20170117174556511.jpg.chip.jpg,long
26_1_3_20170119150012157.jpg.chip.jpg,C:\age_gender_detection\to_label\26_1_3_20170119150012157.jpg.chip.jpg,skip
26_1_3_20170119155612442.jpg.chip.jpg,C:\age_gender_detection\to_label\26_1_3_20170119155612442.jpg.chip.jpg,long
26_1_3_20170119192843266.jpg.chip.jpg,C:\age_gender_detection\to_label\26_1_3_20170119192843266.jpg.chip.jpg,skip
26_1_3_20170119193118682.jpg.chip.jpg,C:\age_gender_detection\to_label\26_1_3_20170119193118682.jpg.chip.jpg,short
26_1_3_20170119193137209.jpg.chip.jpg,C:\age_gender_detection\to_label\26_1_3_20170119193137209.jpg.chip.jpg,long
26_1_3_20170119193147891.jpg.chip.jpg,C:\age_gender_detection\to_label\26_1_3_20170119193147891.jpg.chip.jpg,long
26_1_4_20170103225204177.jpg.chip.jpg,C:\age_gender_detection\to_label\26_1_4_20170103225204177.jpg.chip.jpg,long
26_1_4_20170105164223948.jpg.chip.jpg,C:\age_gender_detection\to_label\26_1_4_20170105164223948.jpg.chip.jpg,long
26_1_4_20170117174218966.jpg.chip.jpg,C:\age_gender_detection\to_label\26_1_4_20170117174218966.jpg.chip.jpg,long
26_1_4_20170117174512949.jpg.chip.jpg,C:\age_gender_detection\to_label\26_1_4_20170117174512949.jpg.chip.jpg,long
27_0_0_20170103182122389.jpg.chip.jpg,C:\age_gender_detection\to_label\27_0_0_20170103182122389.jpg.chip.jpg,short
27_0_0_20170114034255912.jpg.chip.jpg,C:\age_gender_detection\to_label\27_0_0_20170114034255912.jpg.chip.jpg,short
27_0_0_20170117010049965.jpg.chip.jpg,C:\age_gender_detection\to_label\27_0_0_20170117010049965.jpg.chip.jpg,short
27_0_0_20170117010719987.jpg.chip.jpg,C:\age_gender_detection\to_label\27_0_0_20170117010719987.jpg.chip.jpg,short
27_0_0_20170117135722872.jpg.chip.jpg,C:\age_gender_detection\to_label\27_0_0_20170117135722872.jpg.chip.jpg,long
27_0_1_20170113133630265.jpg.chip.jpg,C:\age_gender_detection\to_label\27_0_1_20170113133630265.jpg.chip.jpg,short
27_0_1_20170113135657435.jpg.chip.jpg,C:\age_gender_detection\to_label\27_0_1_20170113135657435.jpg.chip.jpg,long
27_0_1_20170114034625293.jpg.chip.jpg,C:\age_gender_detection\to_label\27_0_1_20170114034625293.jpg.chip.jpg,short
27_0_1_20170116193905098.jpg.chip.jpg,C:\age_gender_detection\to_label\27_0_1_20170116193905098.jpg.chip.jpg,short
27_0_1_20170116194835214.jpg.chip.jpg,C:\age_gender_detection\to_label\27_0_1_20170116194835214.jpg.chip.jpg,short
27_0_1_20170116203636129.jpg.chip.jpg,C:\age_gender_detection\to_label\27_0_1_20170116203636129.jpg.chip.jpg,skip
27_0_1_20170117014026944.jpg.chip.jpg,C:\age_gender_detection\to_label\27_0_1_20170117014026944.jpg.chip.jpg,skip
27_0_1_20170117182635809.jpg.chip.jpg,C:\age_gender_detection\to_label\27_0_1_20170117182635809.jpg.chip.jpg,skip
27_0_1_20170120220051617.jpg.chip.jpg,C:\age_gender_detection\to_label\27_0_1_20170120220051617.jpg.chip.jpg,long
27_0_2_20170116173713171.jpg.chip.jpg,C:\age_gender_detection\to_label\27_0_2_20170116173713171.jpg.chip.jpg,skip
27_0_2_20170116185018697.jpg.chip.jpg,C:\age_gender_detection\to_label\27_0_2_20170116185018697.jpg.chip.jpg,short
27_0_3_20170104220227054.jpg.chip.jpg,C:\age_gender_detection\to_label\27_0_3_20170104220227054.jpg.chip.jpg,short
27_0_3_20170119210058457.jpg.chip.jpg,C:\age_gender_detection\to_label\27_0_3_20170119210058457.jpg.chip.jpg,short
27_1_0_20170116205911682.jpg.chip.jpg,C:\age_gender_detection\to_label\27_1_0_20170116205911682.jpg.chip.jpg,long
27_1_0_20170117120646100.jpg.chip.jpg,C:\age_gender_detection\to_label\27_1_0_20170117120646100.jpg.chip.jpg,long
27_1_0_20170117180022765.jpg.chip.jpg,C:\age_gender_detection\to_label\27_1_0_20170117180022765.jpg.chip.jpg,long
27_1_1_20170117165603509.jpg.chip.jpg,C:\age_gender_detection\to_label\27_1_1_20170117165603509.jpg.chip.jpg,skip
27_1_2_20170104020617357.jpg.chip.jpg,C:\age_gender_detection\to_label\27_1_2_20170104020617357.jpg.chip.jpg,long
27_1_2_20170116163625314.jpg.chip.jpg,C:\age_gender_detection\to_label\27_1_2_20170116163625314.jpg.chip.jpg,long
27_1_2_20170116163822402.jpg.chip.jpg,C:\age_gender_detection\to_label\27_1_2_20170116163822402.jpg.chip.jpg,long
27_1_2_20170116170714855.jpg.chip.jpg,C:\age_gender_detection\to_label\27_1_2_20170116170714855.jpg.chip.jpg,long
27_1_2_20170116171716287.jpg.chip.jpg,C:\age_gender_detection\to_label\27_1_2_20170116171716287.jpg.chip.jpg,long
27_1_2_20170116185938978.jpg.chip.jpg,C:\age_gender_detection\to_label\27_1_2_20170116185938978.jpg.chip.jpg,long
27_1_2_20170119193351465.jpg.chip.jpg,C:\age_gender_detection\to_label\27_1_2_20170119193351465.jpg.chip.jpg,long
27_1_3_20170104223405095.jpg.chip.jpg,C:\age_gender_detection\to_label\27_1_3_20170104223405095.jpg.chip.jpg,long
27_1_3_20170119194407555.jpg.chip.jpg,C:\age_gender_detection\to_label\27_1_3_20170119194407555.jpg.chip.jpg,long
27_1_4_20170117164636325.jpg.chip.jpg,C:\age_gender_detection\to_label\27_1_4_20170117164636325.jpg.chip.jpg,long
28_0_0_20170113133905983.jpg.chip.jpg,C:\age_gender_detection\to_label\28_0_0_20170113133905983.jpg.chip.jpg,skip
28_0_0_20170116212102377.jpg.chip.jpg,C:\age_gender_detection\to_label\28_0_0_20170116212102377.jpg.chip.jpg,long
28_0_0_20170117020857776.jpg.chip.jpg,C:\age_gender_detection\to_label\28_0_0_20170117020857776.jpg.chip.jpg,short
28_0_0_20170117120854505.jpg.chip.jpg,C:\age_gender_detection\to_label\28_0_0_20170117120854505.jpg.chip.jpg,skip
28_0_0_20170117120912350.jpg.chip.jpg,C:\age_gender_detection\to_label\28_0_0_20170117120912350.jpg.chip.jpg,short
28_0_0_20170117180233918.jpg.chip.jpg,C:\age_gender_detection\to_label\28_0_0_20170117180233918.jpg.chip.jpg,short
28_0_0_20170117180522441.jpg.chip.jpg,C:\age_gender_detection\to_label\28_0_0_20170117180522441.jpg.chip.jpg,short
28_0_0_20170117191934140.jpg.chip.jpg,C:\age_gender_detection\to_label\28_0_0_20170117191934140.jpg.chip.jpg,short
28_0_0_20170117202434527.jpg.chip.jpg,C:\age_gender_detection\to_label\28_0_0_20170117202434527.jpg.chip.jpg,long
28_0_1_20170113142405196.jpg.chip.jpg,C:\age_gender_detection\to_label\28_0_1_20170113142405196.jpg.chip.jpg,short
28_0_1_20170113151216654.jpg.chip.jpg,C:\age_gender_detection\to_label\28_0_1_20170113151216654.jpg.chip.jpg,skip
28_0_1_20170113175442946.jpg.chip.jpg,C:\age_gender_detection\to_label\28_0_1_20170113175442946.jpg.chip.jpg,long
28_0_1_20170113180639429.jpg.chip.jpg,C:\age_gender_detection\to_label\28_0_1_20170113180639429.jpg.chip.jpg,short
28_0_1_20170114034234198.jpg.chip.jpg,C:\age_gender_detection\to_label\28_0_1_20170114034234198.jpg.chip.jpg,short
28_0_1_20170117121804732.jpg.chip.jpg,C:\age_gender_detection\to_label\28_0_1_20170117121804732.jpg.chip.jpg,long
28_0_1_20170117170153595.jpg.chip.jpg,C:\age_gender_detection\to_label\28_0_1_20170117170153595.jpg.chip.jpg,short
28_0_2_20170116170855714.jpg.chip.jpg,C:\age_gender_detection\to_label\28_0_2_20170116170855714.jpg.chip.jpg,short
28_0_2_20170116190025951.jpg.chip.jpg,C:\age_gender_detection\to_label\28_0_2_20170116190025951.jpg.chip.jpg,long
28_0_2_20170116190050357.jpg.chip.jpg,C:\age_gender_detection\to_label\28_0_2_20170116190050357.jpg.chip.jpg,short
28_0_2_20170117135248701.jpg.chip.jpg,C:\age_gender_detection\to_label\28_0_2_20170117135248701.jpg.chip.jpg,short
28_0_2_20170117141552570.jpg.chip.jpg,C:\age_gender_detection\to_label\28_0_2_20170117141552570.jpg.chip.jpg,short
28_0_3_20170117020733772.jpg.chip.jpg,C:\age_gender_detection\to_label\28_0_3_20170117020733772.jpg.chip.jpg,short
28_0_3_20170117120959404.jpg.chip.jpg,C:\age_gender_detection\to_label\28_0_3_20170117120959404.jpg.chip.jpg,short
28_0_3_20170117144207130.jpg.chip.jpg,C:\age_gender_detection\to_label\28_0_3_20170117144207130.jpg.chip.jpg,short
28_0_3_20170119144359718.jpg.chip.jpg,C:\age_gender_detection\to_label\28_0_3_20170119144359718.jpg.chip.jpg,long
28_0_3_20170119194505019.jpg.chip.jpg,C:\age_gender_detection\to_label\28_0_3_20170119194505019.jpg.chip.jpg,short
28_0_3_20170119194510275.jpg.chip.jpg,C:\age_gender_detection\to_label\28_0_3_20170119194510275.jpg.chip.jpg,short
28_0_3_20170119194510875.jpg.chip.jpg,C:\age_gender_detection\to_label\28_0_3_20170119194510875.jpg.chip.jpg,short
28_0_3_20170119194624019.jpg.chip.jpg,C:\age_gender_detection\to_label\28_0_3_20170119194624019.jpg.chip.jpg,short
28_0_3_20170119194803955.jpg.chip.jpg,C:\age_gender_detection\to_label\28_0_3_20170119194803955.jpg.chip.jpg,short
28_0_3_20170119194807411.jpg.chip.jpg,C:\age_gender_detection\to_label\28_0_3_20170119194807411.jpg.chip.jpg,short
28_0_3_20170119194819469.jpg.chip.jpg,C:\age_gender_detection\to_label\28_0_3_20170119194819469.jpg.chip.jpg,short
28_0_4_20170117190111300.jpg.chip.jpg,C:\age_gender_detection\to_label\28_0_4_20170117190111300.jpg.chip.jpg,short
28_1_0_20170103180926608.jpg.chip.jpg,C:\age_gender_detection\to_label\28_1_0_20170103180926608.jpg.chip.jpg,long
28_1_0_20170105000649036.jpg.chip.jpg,C:\age_gender_detection\to_label\28_1_0_20170105000649036.jpg.chip.jpg,long
28_1_0_20170112235141673.jpg.chip.jpg,C:\age_gender_detection\to_label\28_1_0_20170112235141673.jpg.chip.jpg,long
28_1_0_20170116000534759.jpg.chip.jpg,C:\age_gender_detection\to_label\28_1_0_20170116000534759.jpg.chip.jpg,long
28_1_0_20170116220923600.jpg.chip.jpg,C:\age_gender_detection\to_label\28_1_0_20170116220923600.jpg.chip.jpg,short
28_1_0_20170116221705370.jpg.chip.jpg,C:\age_gender_detection\to_label\28_1_0_20170116221705370.jpg.chip.jpg,long
28_1_0_20170116222126409.jpg.chip.jpg,C:\age_gender_detection\to_label\28_1_0_20170116222126409.jpg.chip.jpg,long
28_1_0_20170117122007101.jpg.chip.jpg,C:\age_gender_detection\to_label\28_1_0_20170117122007101.jpg.chip.jpg,skip
28_1_0_20170117144930395.jpg.chip.jpg,C:\age_gender_detection\to_label\28_1_0_20170117144930395.jpg.chip.jpg,short
28_1_0_20170117174702574.jpg.chip.jpg,C:\age_gender_detection\to_label\28_1_0_20170117174702574.jpg.chip.jpg,long
28_1_1_20170112204611851.jpg.chip.jpg,C:\age_gender_detection\to_label\28_1_1_20170112204611851.jpg.chip.jpg,skip
28_1_1_20170112204756098.jpg.chip.jpg,C:\age_gender_detection\to_label\28_1_1_20170112204756098.jpg.chip.jpg,long
28_1_1_20170112211531805.jpg.chip.jpg,C:\age_gender_detection\to_label\28_1_1_20170112211531805.jpg.chip.jpg,skip
28_1_1_20170116021913149.jpg.chip.jpg,C:\age_gender_detection\to_label\28_1_1_20170116021913149.jpg.chip.jpg,skip
28_1_1_20170117022211139.jpg.chip.jpg,C:\age_gender_detection\to_label\28_1_1_20170117022211139.jpg.chip.jpg,short
28_1_2_20170104023041166.jpg.chip.jpg,C:\age_gender_detection\to_label\28_1_2_20170104023041166.jpg.chip.jpg,long
28_1_2_20170116165438870.jpg.chip.jpg,C:\age_gender_detection\to_label\28_1_2_20170116165438870.jpg.chip.jpg,short
28_1_2_20170116170937606.jpg.chip.jpg,C:\age_gender_detection\to_label\28_1_2_20170116170937606.jpg.chip.jpg,long
28_1_3_20170104223337415.jpg.chip.jpg,C:\age_gender_detection\to_label\28_1_3_20170104223337415.jpg.chip.jpg,long
28_1_3_20170117180649497.jpg.chip.jpg,C:\age_gender_detection\to_label\28_1_3_20170117180649497.jpg.chip.jpg,skip
28_1_3_20170119194459995.jpg.chip.jpg,C:\age_gender_detection\to_label\28_1_3_20170119194459995.jpg.chip.jpg,long
28_1_3_20170119195053979.jpg.chip.jpg,C:\age_gender_detection\to_label\28_1_3_20170119195053979.jpg.chip.jpg,long
28_1_3_20170119195103018.jpg.chip.jpg,C:\age_gender_detection\to_label\28_1_3_20170119195103018.jpg.chip.jpg,skip
28_1_4_20170109003009492.jpg.chip.jpg,C:\age_gender_detection\to_label\28_1_4_20170109003009492.jpg.chip.jpg,long
28_1_4_20170117145659083.jpg.chip.jpg,C:\age_gender_detection\to_label\28_1_4_20170117145659083.jpg.chip.jpg,short
28_1_4_20170117202422103.jpg.chip.jpg,C:\age_gender_detection\to_label\28_1_4_20170117202422103.jpg.chip.jpg,long
29_0_0_20170103182336026.jpg.chip.jpg,C:\age_gender_detection\to_label\29_0_0_20170103182336026.jpg.chip.jpg,short
29_0_0_20170108223214078.jpg.chip.jpg,C:\age_gender_detection\to_label\29_0_0_20170108223214078.jpg.chip.jpg,short
29_0_0_20170116182424711.jpg.chip.jpg,C:\age_gender_detection\to_label\29_0_0_20170116182424711.jpg.chip.jpg,short
29_0_0_20170117105025711.jpg.chip.jpg,C:\age_gender_detection\to_label\29_0_0_20170117105025711.jpg.chip.jpg,short
29_0_0_20170117180833219.jpg.chip.jpg,C:\age_gender_detection\to_label\29_0_0_20170117180833219.jpg.chip.jpg,short
29_0_0_20170117180857403.jpg.chip.jpg,C:\age_gender_detection\to_label\29_0_0_20170117180857403.jpg.chip.jpg,short
29_0_0_20170117180933082.jpg.chip.jpg,C:\age_gender_detection\to_label\29_0_0_20170117180933082.jpg.chip.jpg,skip
29_0_0_20170117180936418.jpg.chip.jpg,C:\age_gender_detection\to_label\29_0_0_20170117180936418.jpg.chip.jpg,short
29_0_0_20170117190157234.jpg.chip.jpg,C:\age_gender_detection\to_label\29_0_0_20170117190157234.jpg.chip.jpg,short
29_0_1_20170108235740510.jpg.chip.jpg,C:\age_gender_detection\to_label\29_0_1_20170108235740510.jpg.chip.jpg,short
29_0_1_20170113133129655.jpg.chip.jpg,C:\age_gender_detection\to_label\29_0_1_20170113133129655.jpg.chip.jpg,short
29_0_1_20170113134817225.jpg.chip.jpg,C:\age_gender_detection\to_label\29_0_1_20170113134817225.jpg.chip.jpg,short
29_0_1_20170113141748034.jpg.chip.jpg,C:\age_gender_detection\to_label\29_0_1_20170113141748034.jpg.chip.jpg,short
29_0_1_20170113145429766.jpg.chip.jpg,C:\age_gender_detection\to_label\29_0_1_20170113145429766.jpg.chip.jpg,short
29_0_1_20170113173014241.jpg.chip.jpg,C:\age_gender_detection\to_label\29_0_1_20170113173014241.jpg.chip.jpg,short
29_0_1_20170113173051227.jpg.chip.jpg,C:\age_gender_detection\to_label\29_0_1_20170113173051227.jpg.chip.jpg,short
29_0_1_20170113175509613.jpg.chip.jpg,C:\age_gender_detection\to_label\29_0_1_20170113175509613.jpg.chip.jpg,short
29_0_1_20170116002244586.jpg.chip.jpg,C:\age_gender_detection\to_label\29_0_1_20170116002244586.jpg.chip.jpg,long
29_0_1_20170116010112917.jpg.chip.jpg,C:\age_gender_detection\to_label\29_0_1_20170116010112917.jpg.chip.jpg,skip
29_0_1_20170116192214658.jpg.chip.jpg,C:\age_gender_detection\to_label\29_0_1_20170116192214658.jpg.chip.jpg,skip
29_0_1_20170116203358423.jpg.chip.jpg,C:\age_gender_detection\to_label\29_0_1_20170116203358423.jpg.chip.jpg,short
29_0_1_20170116205643042.jpg.chip.jpg,C:\age_gender_detection\to_label\29_0_1_20170116205643042.jpg.chip.jpg,short
29_0_1_20170117103814669.jpg.chip.jpg,C:\age_gender_detection\to_label\29_0_1_20170117103814669.jpg.chip.jpg,skip
29_0_1_20170117135753077.jpg.chip.jpg,C:\age_gender_detection\to_label\29_0_1_20170117135753077.jpg.chip.jpg,short
29_0_1_20170117184719100.jpg.chip.jpg,C:\age_gender_detection\to_label\29_0_1_20170117184719100.jpg.chip.jpg,short
29_0_2_20170105163533012.jpg.chip.jpg,C:\age_gender_detection\to_label\29_0_2_20170105163533012.jpg.chip.jpg,short
29_0_2_20170116162050789.jpg.chip.jpg,C:\age_gender_detection\to_label\29_0_2_20170116162050789.jpg.chip.jpg,skip
29_0_2_20170116165939507.jpg.chip.jpg,C:\age_gender_detection\to_label\29_0_2_20170116165939507.jpg.chip.jpg,long
29_0_2_20170116172041615.jpg.chip.jpg,C:\age_gender_detection\to_label\29_0_2_20170116172041615.jpg.chip.jpg,long
29_0_3_20170119170547814.jpg.chip.jpg,C:\age_gender_detection\to_label\29_0_3_20170119170547814.jpg.chip.jpg,short
29_1_0_20170103180915991.jpg.chip.jpg,C:\age_gender_detection\to_label\29_1_0_20170103180915991.jpg.chip.jpg,long
29_1_0_20170109010152767.jpg.chip.jpg,C:\age_gender_detection\to_label\29_1_0_20170109010152767.jpg.chip.jpg,long
29_1_0_20170117130620465.jpg.chip.jpg,C:\age_gender_detection\to_label\29_1_0_20170117130620465.jpg.chip.jpg,skip
29_1_1_20170105163256379.jpg.chip.jpg,C:\age_gender_detection\to_label\29_1_1_20170105163256379.jpg.chip.jpg,long
29_1_1_20170113012048486.jpg.chip.jpg,C:\age_gender_detection\to_label\29_1_1_20170113012048486.jpg.chip.jpg,long
29_1_1_20170115235359510.jpg.chip.jpg,C:\age_gender_detection\to_label\29_1_1_20170115235359510.jpg.chip.jpg,short
29_1_1_20170115235932970.jpg.chip.jpg,C:\age_gender_detection\to_label\29_1_1_20170115235932970.jpg.chip.jpg,long
29_1_1_20170116023632884.jpg.chip.jpg,C:\age_gender_detection\to_label\29_1_1_20170116023632884.jpg.chip.jpg,skip
29_1_1_20170116171310427.jpg.chip.jpg,C:\age_gender_detection\to_label\29_1_1_20170116171310427.jpg.chip.jpg,long
29_1_1_20170116231405050.jpg.chip.jpg,C:\age_gender_detection\to_label\29_1_1_20170116231405050.jpg.chip.jpg,short
29_1_1_20170117165555736.jpg.chip.jpg,C:\age_gender_detection\to_label\29_1_1_20170117165555736.jpg.chip.jpg,short
29_1_2_20170116161428854.jpg.chip.jpg,C:\age_gender_detection\to_label\29_1_2_20170116161428854.jpg.chip.jpg,long
29_1_2_20170116163011756.jpg.chip.jpg,C:\age_gender_detection\to_label\29_1_2_20170116163011756.jpg.chip.jpg,short
29_1_2_20170116163921292.jpg.chip.jpg,C:\age_gender_detection\to_label\29_1_2_20170116163921292.jpg.chip.jpg,short
29_1_2_20170116173118658.jpg.chip.jpg,C:\age_gender_detection\to_label\29_1_2_20170116173118658.jpg.chip.jpg,long
29_1_3_20170117180824298.jpg.chip.jpg,C:\age_gender_detection\to_label\29_1_3_20170117180824298.jpg.chip.jpg,long
29_1_3_20170119152650912.jpg.chip.jpg,C:\age_gender_detection\to_label\29_1_3_20170119152650912.jpg.chip.jpg,long
29_1_4_20170104165735505.jpg.chip.jpg,C:\age_gender_detection\to_label\29_1_4_20170104165735505.jpg.chip.jpg,long
30_0_0_20170107212036868.jpg.chip.jpg,C:\age_gender_detection\to_label\30_0_0_20170107212036868.jpg.chip.jpg,short
30_0_0_20170117000350509.jpg.chip.jpg,C:\age_gender_detection\to_label\30_0_0_20170117000350509.jpg.chip.jpg,short
30_0_0_20170117130639687.jpg.chip.jpg,C:\age_gender_detection\to_label\30_0_0_20170117130639687.jpg.chip.jpg,short
30_0_0_20170117130653432.jpg.chip.jpg,C:\age_gender_detection\to_label\30_0_0_20170117130653432.jpg.chip.jpg,short
30_0_0_20170117131016260.jpg.chip.jpg,C:\age_gender_detection\to_label\30_0_0_20170117131016260.jpg.chip.jpg,short
30_0_0_20170117143502368.jpg.chip.jpg,C:\age_gender_detection\to_label\30_0_0_20170117143502368.jpg.chip.jpg,short
30_0_0_20170117145938915.jpg.chip.jpg,C:\age_gender_detection\to_label\30_0_0_20170117145938915.jpg.chip.jpg,long
30_0_0_20170117181104996.jpg.chip.jpg,C:\age_gender_detection\to_label\30_0_0_20170117181104996.jpg.chip.jpg,short
30_0_0_20170117181118268.jpg.chip.jpg,C:\age_gender_detection\to_label\30_0_0_20170117181118268.jpg.chip.jpg,short
30_0_0_20170117191438986.jpg.chip.jpg,C:\age_gender_detection\to_label\30_0_0_20170117191438986.jpg.chip.jpg,skip
30_0_0_20170119150440126.jpg.chip.jpg,C:\age_gender_detection\to_label\30_0_0_20170119150440126.jpg.chip.jpg,short
30_0_0_20170119180216577.jpg.chip.jpg,C:\age_gender_detection\to_label\30_0_0_20170119180216577.jpg.chip.jpg,short
30_0_0_20170119195624116.jpg.chip.jpg,C:\age_gender_detection\to_label\30_0_0_20170119195624116.jpg.chip.jpg,short
30_0_0_20170120223905134.jpg.chip.jpg,C:\age_gender_detection\to_label\30_0_0_20170120223905134.jpg.chip.jpg,short
30_0_1_20170113152824163.jpg.chip.jpg,C:\age_gender_detection\to_label\30_0_1_20170113152824163.jpg.chip.jpg,short
30_0_1_20170116010614771.jpg.chip.jpg,C:\age_gender_detection\to_label\30_0_1_20170116010614771.jpg.chip.jpg,skip
30_0_1_20170116214526846.jpg.chip.jpg,C:\age_gender_detection\to_label\30_0_1_20170116214526846.jpg.chip.jpg,short
30_0_1_20170117142125041.jpg.chip.jpg,C:\age_gender_detection\to_label\30_0_1_20170117142125041.jpg.chip.jpg,short
30_0_2_20161219190337805.jpg.chip.jpg,C:\age_gender_detection\to_label\30_0_2_20161219190337805.jpg.chip.jpg,short
30_0_2_20170103235423316.jpg.chip.jpg,C:\age_gender_detection\to_label\30_0_2_20170103235423316.jpg.chip.jpg,short
30_0_2_20170116180745378.jpg.chip.jpg,C:\age_gender_detection\to_label\30_0_2_20170116180745378.jpg.chip.jpg,short
30_0_2_20170116192739617.jpg.chip.jpg,C:\age_gender_detection\to_label\30_0_2_20170116192739617.jpg.chip.jpg,short
30_0_2_20170116194010019.jpg.chip.jpg,C:\age_gender_detection\to_label\30_0_2_20170116194010019.jpg.chip.jpg,skip
30_0_2_20170116223016131.jpg.chip.jpg,C:\age_gender_detection\to_label\30_0_2_20170116223016131.jpg.chip.jpg,skip
30_0_3_20170117143052785.jpg.chip.jpg,C:\age_gender_detection\to_label\30_0_3_20170117143052785.jpg.chip.jpg,short
30_0_3_20170119162644734.jpg.chip.jpg,C:\age_gender_detection\to_label\30_0_3_20170119162644734.jpg.chip.jpg,skip
30_0_3_20170119195740600.jpg.chip.jpg,C:\age_gender_detection\to_label\30_0_3_20170119195740600.jpg.chip.jpg,short
30_0_4_20170104000115245.jpg.chip.jpg,C:\age_gender_detection\to_label\30_0_4_20170104000115245.jpg.chip.jpg,short
30_1_0_20170104185704638.jpg.chip.jpg,C:\age_gender_detection\to_label\30_1_0_20170104185704638.jpg.chip.jpg,skip
30_1_0_20170105170137612.jpg.chip.jpg,C:\age_gender_detection\to_label\30_1_0_20170105170137612.jpg.chip.jpg,long
30_1_0_20170108225424420.jpg.chip.jpg,C:\age_gender_detection\to_label\30_1_0_20170108225424420.jpg.chip.jpg,long
30_1_0_20170116220635092.jpg.chip.jpg,C:\age_gender_detection\to_label\30_1_0_20170116220635092.jpg.chip.jpg,long
30_1_0_20170117152122396.jpg.chip.jpg,C:\age_gender_detection\to_label\30_1_0_20170117152122396.jpg.chip.jpg,long
30_1_0_20170117171606522.jpg.chip.jpg,C:\age_gender_detection\to_label\30_1_0_20170117171606522.jpg.chip.jpg,long
30_1_0_20170117181115699.jpg.chip.jpg,C:\age_gender_detection\to_label\30_1_0_20170117181115699.jpg.chip.jpg,long
30_1_0_20170117181338019.jpg.chip.jpg,C:\age_gender_detection\to_label\30_1_0_20170117181338019.jpg.chip.jpg,long
30_1_0_20170117181400610.jpg.chip.jpg,C:\age_gender_detection\to_label\30_1_0_20170117181400610.jpg.chip.jpg,long
30_1_1_20170112203939596.jpg.chip.jpg,C:\age_gender_detection\to_label\30_1_1_20170112203939596.jpg.chip.jpg,short
30_1_1_20170112215039472.jpg.chip.jpg,C:\age_gender_detection\to_label\30_1_1_20170112215039472.jpg.chip.jpg,long
30_1_1_20170112215105568.jpg.chip.jpg,C:\age_gender_detection\to_label\30_1_1_20170112215105568.jpg.chip.jpg,short
30_1_1_20170113003552730.jpg.chip.jpg,C:\age_gender_detection\to_label\30_1_1_20170113003552730.jpg.chip.jpg,long
30_1_1_20170116153114714.jpg.chip.jpg,C:\age_gender_detection\to_label\30_1_1_20170116153114714.jpg.chip.jpg,long
30_1_1_20170116233559206.jpg.chip.jpg,C:\age_gender_detection\to_label\30_1_1_20170116233559206.jpg.chip.jpg,long
30_1_1_20170117131113935.jpg.chip.jpg,C:\age_gender_detection\to_label\30_1_1_20170117131113935.jpg.chip.jpg,long
30_1_2_20170116162557654.jpg.chip.jpg,C:\age_gender_detection\to_label\30_1_2_20170116162557654.jpg.chip.jpg,long
30_1_2_20170116165139757.jpg.chip.jpg,C:\age_gender_detection\to_label\30_1_2_20170116165139757.jpg.chip.jpg,skip
30_1_2_20170116174427095.jpg.chip.jpg,C:\age_gender_detection\to_label\30_1_2_20170116174427095.jpg.chip.jpg,long
30_1_2_20170116180519798.jpg.chip.jpg,C:\age_gender_detection\to_label\30_1_2_20170116180519798.jpg.chip.jpg,short
30_1_2_20170116191220057.jpg.chip.jpg,C:\age_gender_detection\to_label\30_1_2_20170116191220057.jpg.chip.jpg,long
30_1_2_20170116191305000.jpg.chip.jpg,C:\age_gender_detection\to_label\30_1_2_20170116191305000.jpg.chip.jpg,skip
30_1_2_20170116192245601.jpg.chip.jpg,C:\age_gender_detection\to_label\30_1_2_20170116192245601.jpg.chip.jpg,long
30_1_3_20170104223316975.jpg.chip.jpg,C:\age_gender_detection\to_label\30_1_3_20170104223316975.jpg.chip.jpg,long
30_1_3_20170109141047511.jpg.chip.jpg,C:\age_gender_detection\to_label\30_1_3_20170109141047511.jpg.chip.jpg,long
30_1_3_20170109141058153.jpg.chip.jpg,C:\age_gender_detection\to_label\30_1_3_20170109141058153.jpg.chip.jpg,long
30_1_3_20170117132645658.jpg.chip.jpg,C:\age_gender_detection\to_label\30_1_3_20170117132645658.jpg.chip.jpg,long
